Name,Phone,Email,LinkedinURL
Unnat Das,9818556153,udas566@gmail.com,https://www.linkedin.com/in/unnat-das/
Dustin Holt,9814530333,kosact@hotmail.com,https://www.linkedin.com/in/Dustin Holt/
Alexa Silva,9818455543,symbolic@aol.com,https://www.linkedin.com/in/u499at-das/
Jeremiah Noble,9814555543,tristan@yahoo.com,https://www.linkedin.com/in/u494at-das/
David Johnson,9818434231,tamas@icloud.com,https://www.linkedin.com/in/45nat-das/
Olivia Moses,3894904949,catalog@aol.com,https://www.linkedin.com/in/u5566at-das/
Ian Lopez,4904909420,zwood@msn.com,https://www.linkedin.com/in/u4fjknj4as/
Carrie Kelley,9094949040,schumer@me.com,https://www.linkedin.com/in/u39204fj-das/
Logan Long,3838290230,djpig@yahoo.ca,https://www.linkedin.com/in/un4i9fi9das/
John Smith,3838290230,lahvak@yahoo.com,https://www.linkedin.com/in/un94rf9jifs/
Jennifer Espinoza,3838290230,gumpish@att.net,https://www.linkedin.com/in/4fjf9fdas/
Crystal Chambers,3838290230,vsprintf@att.net,https://www.linkedin.com/in/4ff44f-das/
Ralph Norton,3838290230,vsprintf@att.net,https://www.linkedin.com/in/ff4i9das/
James Watts,3838290230,vsprintf@att.net,https://www.linkedin.com/in/rfi9i4f/
James Martin,3838290230,vsprintf@att.net,https://www.linkedin.com/in/ufif4s/
